2017-01-01T00:00:00,0,person1
2017-01-01T00:00:00,0.5,person3
2017-01-01T00:01:00,1,person1
2017-01-01T00:02:00,2,person1
2017-01-01T00:02:00,2.5,person3
2017-01-01T00:03:00,3,person1
2017-01-01T00:03:00,3.5,person3
2017-01-01T00:04:00,4,person1
2017-01-01T00:05:00,5,person1
2017-01-01T00:06:00,6,person1
2017-01-01T00:07:00,7,person1
2017-01-01T00:08:00,8,person1
2017-01-01T00:08:00,8.5,person3
2017-01-01T00:09:00,9,person1
2017-01-01T00:10:00,10,person1
2017-01-01T00:10:00,10.5,person3
2017-01-01T00:11:00,11,person1
2017-01-01T00:12:00,12,person1
2017-01-01T00:12:00,12.6,person2
2017-01-01T00:13:00,13,person1
2017-01-01T00:14:00,14,person1
2017-01-01T00:14:00,14.5,person3
2017-01-01T00:15:00,15,person1
2017-01-01T00:16:00,16,person1
2017-01-01T00:16:00,16.5,person3
2017-01-01T00:17:00,17,person1
2017-01-01T00:18:00,18,person1
2017-01-01T00:18:00,18.5,person3
2017-01-01T00:19:00,19,person1
2017-01-01T00:19:00,19.5,person3
2017-01-01T00:20:00,20,person1
2017-01-01T00:21:00,21,person1
2017-01-01T00:22:00,22,person1
2017-01-01T00:22:00,22.5,person3
2017-01-01T00:23:00,23,person1
2017-01-01T00:24:00,24,person1
2017-01-01T00:25:00,25,person1
2017-01-01T00:26:00,26,person1
2017-01-01T00:26:00,26.6,person2
2017-01-01T00:27:00,27,person1
2017-01-01T00:28:00,28,person1
2017-01-01T00:28:00,28.5,person3
2017-01-01T00:29:00,29,person1
2017-01-01T00:30:00,30,person1
2017-01-01T00:30:00,30.5,person3
2017-01-01T00:31:00,31,person1
2017-01-01T00:31:00,31.5,person3
2017-01-01T00:32:00,32,person1
2017-01-01T00:33:00,33,person1
2017-01-01T00:34:00,34,person1
2017-01-01T00:35:00,35,person1
2017-01-01T00:36:00,36,person1
2017-01-01T00:36:00,36.5,person3
2017-01-01T00:37:00,37,person1
2017-01-01T00:38:00,38,person1
2017-01-01T00:39:00,39,person1
2017-01-01T00:39:00,39.5,person3
2017-01-01T00:40:00,40,person1
2017-01-01T00:41:00,41,person1
2017-01-01T00:42:00,42,person1
2017-01-01T00:42:00,42.5,person3
2017-01-01T00:43:00,43,person1
2017-01-01T00:44:00,44,person1
2017-01-01T00:45:00,45,person1
2017-01-01T00:45:00,45.5,person3
2017-01-01T00:46:00,46,person1
2017-01-01T00:46:00,46.6,person2
2017-01-01T00:47:00,47,person1
2017-01-01T00:47:00,47.6,person2
2017-01-01T00:48:00,48,person1
2017-01-01T00:49:00,49,person1
2017-01-01T00:49:00,49.5,person3
2017-01-01T00:50:00,50,person1
2017-01-01T00:50:00,50.6,person2
2017-01-01T00:51:00,51,person1
2017-01-01T00:52:00,52,person1
2017-01-01T00:53:00,53,person1
2017-01-01T00:53:00,53.6,person2
2017-01-01T00:54:00,54,person1
2017-01-01T00:54:00,54.5,person3
2017-01-01T00:55:00,55,person1
2017-01-01T00:56:00,56,person1
2017-01-01T00:56:00,56.5,person3
2017-01-01T00:57:00,57,person1
2017-01-01T00:58:00,58,person1
2017-01-01T00:58:00,58.5,person3
2017-01-01T00:59:00,59,person1
2017-01-01T01:00:00,60,person1
2017-01-01T01:00:00,60.5,person3
2017-01-01T01:01:00,61,person1
2017-01-01T01:02:00,62,person1
2017-01-01T01:03:00,63,person1
2017-01-01T01:04:00,64,person1
2017-01-01T01:05:00,65,person1
2017-01-01T01:06:00,66,person1
2017-01-01T01:07:00,67,person1
2017-01-01T01:07:00,67.5,person3
2017-01-01T01:08:00,68,person1
2017-01-01T01:08:00,68.5,person3
2017-01-01T01:09:00,69,person1
2017-01-01T01:09:00,69.6,person2
2017-01-01T01:10:00,70,person1
2017-01-01T01:11:00,71,person1
2017-01-01T01:12:00,72,person1
2017-01-01T01:12:00,72.5,person3
2017-01-01T01:13:00,73,person1
2017-01-01T01:13:00,73.6,person2
2017-01-01T01:14:00,74,person1
2017-01-01T01:15:00,75,person1
2017-01-01T01:15:00,75.5,person3
2017-01-01T01:16:00,76,person1
2017-01-01T01:17:00,77,person1
2017-01-01T01:18:00,78,person1
2017-01-01T01:19:00,79,person1
2017-01-01T01:20:00,80,person1
2017-01-01T01:21:00,81,person1
2017-01-01T01:22:00,82,person1
2017-01-01T01:23:00,83,person1
2017-01-01T01:24:00,84,person1
2017-01-01T01:25:00,85,person1
2017-01-01T01:25:00,85.5,person3
2017-01-01T01:26:00,86,person1
2017-01-01T01:27:00,87,person1
2017-01-01T01:28:00,88,person1
2017-01-01T01:29:00,89,person1
2017-01-01T01:29:00,89.5,person3
2017-01-01T01:30:00,90,person1
2017-01-01T01:30:00,90.5,person3
2017-01-01T01:31:00,91,person1
2017-01-01T01:32:00,92,person1
2017-01-01T01:32:00,92.5,person3
2017-01-01T01:33:00,93,person1
2017-01-01T01:34:00,94,person1
2017-01-01T01:35:00,95,person1
2017-01-01T01:35:00,95.5,person3
2017-01-01T01:36:00,96,person1
2017-01-01T01:37:00,97,person1
2017-01-01T01:37:00,97.5,person3
2017-01-01T01:38:00,98,person1
2017-01-01T01:38:00,98.5,person3
2017-01-01T01:39:00,99,person1
2017-01-01T01:40:00,100,person1
2017-01-01T01:40:00,100.5,person3
2017-01-01T01:41:00,101,person1
2017-01-01T01:42:00,102,person1
2017-01-01T01:43:00,103,person1
2017-01-01T01:44:00,104,person1
2017-01-01T01:45:00,105,person1
2017-01-01T01:45:00,105.5,person3
2017-01-01T01:46:00,106,person1
2017-01-01T01:46:00,106.5,person3
2017-01-01T01:47:00,107,person1
2017-01-01T01:48:00,108,person1
2017-01-01T01:49:00,109,person1
2017-01-01T01:49:00,109.5,person3
2017-01-01T01:50:00,110,person1
2017-01-01T01:51:00,111,person1
2017-01-01T01:51:00,111.5,person3
2017-01-01T01:52:00,112,person1
2017-01-01T01:53:00,113,person1
2017-01-01T01:54:00,114,person1
2017-01-01T01:54:00,114.5,person3
2017-01-01T01:55:00,115,person1
2017-01-01T01:56:00,116,person1
2017-01-01T01:57:00,117,person1
2017-01-01T01:58:00,118,person1
2017-01-01T01:58:00,118.6,person2
2017-01-01T01:59:00,119,person1
2017-01-01T01:59:00,119.6,person2
2017-01-01T02:00:00,120,person1
2017-01-01T02:00:00,120.5,person3
2017-01-01T02:01:00,121,person1
2017-01-01T02:01:00,121.6,person2
2017-01-01T02:02:00,122,person1
2017-01-01T02:03:00,123,person1
2017-01-01T02:04:00,124,person1
2017-01-01T02:05:00,125,person1
2017-01-01T02:06:00,126,person1
2017-01-01T02:07:00,127,person1
2017-01-01T02:08:00,128,person1
2017-01-01T02:09:00,129,person1
2017-01-01T02:09:00,129.5,person3
2017-01-01T02:10:00,130,person1
2017-01-01T02:10:00,130.5,person3
2017-01-01T02:11:00,131,person1
2017-01-01T02:11:00,131.5,person3
2017-01-01T02:12:00,132,person1
2017-01-01T02:13:00,133,person1
2017-01-01T02:13:00,133.5,person3
2017-01-01T02:14:00,134,person1
2017-01-01T02:15:00,135,person1
2017-01-01T02:16:00,136,person1
2017-01-01T02:17:00,137,person1
2017-01-01T02:18:00,138,person1
2017-01-01T02:19:00,139,person1
2017-01-01T02:20:00,140,person1
2017-01-01T02:20:00,140.5,person3
2017-01-01T02:21:00,141,person1
2017-01-01T02:22:00,142,person1
2017-01-01T02:23:00,143,person1
2017-01-01T02:23:00,143.5,person3
2017-01-01T02:24:00,144,person1
2017-01-01T02:25:00,145,person1
2017-01-01T02:26:00,146,person1
2017-01-01T02:27:00,147,person1
2017-01-01T02:28:00,148,person1
2017-01-01T02:28:00,148.5,person3
2017-01-01T02:29:00,149,person1
2017-01-01T02:30:00,150,person1
2017-01-01T02:30:00,150.5,person3
2017-01-01T02:31:00,151,person1
2017-01-01T02:32:00,152,person1
2017-01-01T02:33:00,153,person1
2017-01-01T02:34:00,154,person1
2017-01-01T02:34:00,154.5,person3
2017-01-01T02:35:00,155,person1
2017-01-01T02:36:00,156,person1
2017-01-01T02:37:00,157,person1
2017-01-01T02:38:00,158,person1
2017-01-01T02:38:00,158.6,person2
2017-01-01T02:39:00,159,person1
2017-01-01T02:39:00,159.5,person3
2017-01-01T02:40:00,160,person1
2017-01-01T02:41:00,161,person1
2017-01-01T02:41:00,161.6,person2
2017-01-01T02:42:00,162,person1
2017-01-01T02:42:00,162.5,person3
2017-01-01T02:43:00,163,person1
2017-01-01T02:44:00,164,person1
2017-01-01T02:45:00,165,person1
2017-01-01T02:46:00,166,person1
2017-01-01T02:47:00,167,person1
2017-01-01T02:48:00,168,person1
2017-01-01T02:49:00,169,person1
2017-01-01T02:49:00,169.5,person3
2017-01-01T02:50:00,170,person1
2017-01-01T02:51:00,171,person1
2017-01-01T02:52:00,172,person1
2017-01-01T02:53:00,173,person1
2017-01-01T02:53:00,173.5,person3
2017-01-01T02:54:00,174,person1
2017-01-01T02:55:00,175,person1
2017-01-01T02:56:00,176,person1
2017-01-01T02:56:00,176.5,person3
2017-01-01T02:57:00,177,person1
2017-01-01T02:58:00,178,person1
2017-01-01T02:59:00,179,person1
2017-01-01T02:59:00,179.5,person3
2017-01-01T03:00:00,180,person1
2017-01-01T03:00:00,180.6,person2
2017-01-01T03:01:00,181,person1
2017-01-01T03:01:00,181.6,person2
2017-01-01T03:02:00,182,person1
2017-01-01T03:02:00,182.5,person3
2017-01-01T03:03:00,183,person1
2017-01-01T03:03:00,183.5,person3
2017-01-01T03:04:00,184,person1
2017-01-01T03:05:00,185,person1
2017-01-01T03:06:00,186,person1
2017-01-01T03:07:00,187,person1
2017-01-01T03:07:00,187.6,person2
2017-01-01T03:08:00,188,person1
2017-01-01T03:08:00,188.6,person2
2017-01-01T03:09:00,189,person1
2017-01-01T03:10:00,190,person1
2017-01-01T03:10:00,190.5,person3
2017-01-01T03:11:00,191,person1
2017-01-01T03:12:00,192,person1
2017-01-01T03:13:00,193,person1
2017-01-01T03:14:00,194,person1
2017-01-01T03:15:00,195,person1
2017-01-01T03:16:00,196,person1
2017-01-01T03:17:00,197,person1
2017-01-01T03:18:00,198,person1
2017-01-01T03:18:00,198.5,person3
2017-01-01T03:19:00,199,person1
2017-01-01T03:20:00,200,person1
2017-01-01T03:21:00,201,person1
2017-01-01T03:22:00,202,person1
2017-01-01T03:23:00,203,person1
2017-01-01T03:24:00,204,person1
2017-01-01T03:25:00,205,person1
2017-01-01T03:26:00,206,person1
2017-01-01T03:26:00,206.5,person3
2017-01-01T03:27:00,207,person1
2017-01-01T03:28:00,208,person1
2017-01-01T03:28:00,208.5,person3
2017-01-01T03:29:00,209,person1
2017-01-01T03:30:00,210,person1
2017-01-01T03:31:00,211,person1
2017-01-01T03:32:00,212,person1
2017-01-01T03:33:00,213,person1
2017-01-01T03:34:00,214,person1
2017-01-01T03:35:00,215,person1
2017-01-01T03:36:00,216,person1
2017-01-01T03:37:00,217,person1
2017-01-01T03:38:00,218,person1
2017-01-01T03:39:00,219,person1
2017-01-01T03:40:00,220,person1
2017-01-01T03:41:00,221,person1
2017-01-01T03:42:00,222,person1
2017-01-01T03:43:00,223,person1
2017-01-01T03:43:00,223.5,person3
2017-01-01T03:44:00,224,person1
2017-01-01T03:45:00,225,person1
2017-01-01T03:45:00,225.6,person2
2017-01-01T03:46:00,226,person1
2017-01-01T03:47:00,227,person1
2017-01-01T03:48:00,228,person1
2017-01-01T03:49:00,229,person1
2017-01-01T03:49:00,229.5,person3
2017-01-01T03:50:00,230,person1
2017-01-01T03:51:00,231,person1
2017-01-01T03:52:00,232,person1
2017-01-01T03:52:00,232.6,person2
2017-01-01T03:53:00,233,person1
2017-01-01T03:53:00,233.6,person2
2017-01-01T03:54:00,234,person1
2017-01-01T03:54:00,234.5,person3
2017-01-01T03:55:00,235,person1
2017-01-01T03:55:00,235.5,person3
2017-01-01T03:56:00,236,person1
2017-01-01T03:57:00,237,person1
2017-01-01T03:58:00,238,person1
2017-01-01T03:58:00,238.5,person3
2017-01-01T03:59:00,239,person1
2017-01-01T04:00:00,240,person1
2017-01-01T04:01:00,241,person1
2017-01-01T04:02:00,242,person1
2017-01-01T04:03:00,243,person1
2017-01-01T04:04:00,244,person1
2017-01-01T04:04:00,244.6,person2
2017-01-01T04:05:00,245,person1
2017-01-01T04:05:00,245.5,person3
2017-01-01T04:06:00,246,person1
2017-01-01T04:07:00,247,person1
2017-01-01T04:08:00,248,person1
2017-01-01T04:09:00,249,person1
2017-01-01T04:09:00,249.5,person3
2017-01-01T04:10:00,250,person1
2017-01-01T04:10:00,250.6,person2
2017-01-01T04:11:00,251,person1
2017-01-01T04:12:00,252,person1
2017-01-01T04:13:00,253,person1
2017-01-01T04:13:00,253.5,person3
2017-01-01T04:14:00,254,person1
2017-01-01T04:14:00,254.5,person3
2017-01-01T04:15:00,255,person1
2017-01-01T04:16:00,256,person1
2017-01-01T04:17:00,257,person1
2017-01-01T04:18:00,258,person1
2017-01-01T04:19:00,259,person1
2017-01-01T04:20:00,260,person1
2017-01-01T04:21:00,261,person1
2017-01-01T04:21:00,261.6,person2
2017-01-01T04:22:00,262,person1
2017-01-01T04:22:00,262.5,person3
2017-01-01T04:23:00,263,person1
2017-01-01T04:24:00,264,person1
2017-01-01T04:24:00,264.6,person2
2017-01-01T04:25:00,265,person1
2017-01-01T04:26:00,266,person1
2017-01-01T04:27:00,267,person1
2017-01-01T04:28:00,268,person1
2017-01-01T04:29:00,269,person1
2017-01-01T04:29:00,269.5,person3
2017-01-01T04:30:00,270,person1
2017-01-01T04:30:00,270.6,person2
2017-01-01T04:31:00,271,person1
2017-01-01T04:31:00,271.5,person3
2017-01-01T04:32:00,272,person1
2017-01-01T04:33:00,273,person1
2017-01-01T04:34:00,274,person1
2017-01-01T04:35:00,275,person1
2017-01-01T04:36:00,276,person1
2017-01-01T04:37:00,277,person1
2017-01-01T04:38:00,278,person1
2017-01-01T04:39:00,279,person1
2017-01-01T04:40:00,280,person1
2017-01-01T04:40:00,280.5,person3
2017-01-01T04:41:00,281,person1
2017-01-01T04:42:00,282,person1
2017-01-01T04:42:00,282.6,person2
2017-01-01T04:43:00,283,person1
2017-01-01T04:43:00,283.5,person3
2017-01-01T04:44:00,284,person1
2017-01-01T04:44:00,284.5,person3
2017-01-01T04:45:00,285,person1
2017-01-01T04:46:00,286,person1
2017-01-01T04:47:00,287,person1
2017-01-01T04:48:00,288,person1
2017-01-01T04:49:00,289,person1
2017-01-01T04:49:00,289.5,person3
2017-01-01T04:50:00,290,person1
2017-01-01T04:51:00,291,person1
2017-01-01T04:51:00,291.5,person3
2017-01-01T04:52:00,292,person1
2017-01-01T04:53:00,293,person1
2017-01-01T04:53:00,293.5,person3
2017-01-01T04:54:00,294,person1
2017-01-01T04:54:00,294.5,person3
2017-01-01T04:55:00,295,person1
2017-01-01T04:56:00,296,person1
2017-01-01T04:56:00,296.6,person2
2017-01-01T04:57:00,297,person1
2017-01-01T04:58:00,298,person1
2017-01-01T04:59:00,299,person1
2017-01-01T05:00:00,300,person1
2017-01-01T05:01:00,301,person1
2017-01-01T05:01:00,301.5,person3
2017-01-01T05:02:00,302,person1
2017-01-01T05:03:00,303,person1
2017-01-01T05:04:00,304,person1
2017-01-01T05:04:00,304.6,person2
2017-01-01T05:05:00,305,person1
2017-01-01T05:05:00,305.6,person2
2017-01-01T05:06:00,306,person1
2017-01-01T05:07:00,307,person1
2017-01-01T05:08:00,308,person1
2017-01-01T05:08:00,308.6,person2
2017-01-01T05:09:00,309,person1
2017-01-01T05:10:00,310,person1
2017-01-01T05:10:00,310.6,person2
2017-01-01T05:11:00,311,person1
2017-01-01T05:12:00,312,person1
2017-01-01T05:12:00,312.5,person3
2017-01-01T05:13:00,313,person1
2017-01-01T05:14:00,314,person1
2017-01-01T05:15:00,315,person1
2017-01-01T05:15:00,315.6,person2
2017-01-01T05:16:00,316,person1
2017-01-01T05:16:00,316.6,person2
2017-01-01T05:17:00,317,person1
2017-01-01T05:18:00,318,person1
2017-01-01T05:19:00,319,person1
2017-01-01T05:20:00,320,person1
2017-01-01T05:20:00,320.6,person2
2017-01-01T05:21:00,321,person1
2017-01-01T05:22:00,322,person1
2017-01-01T05:23:00,323,person1
2017-01-01T05:24:00,324,person1
2017-01-01T05:25:00,325,person1
2017-01-01T05:26:00,326,person1
2017-01-01T05:26:00,326.5,person3
2017-01-01T05:27:00,327,person1
2017-01-01T05:28:00,328,person1
2017-01-01T05:28:00,328.5,person3
2017-01-01T05:29:00,329,person1
2017-01-01T05:29:00,329.5,person3
2017-01-01T05:30:00,330,person1
2017-01-01T05:30:00,330.5,person3
2017-01-01T05:31:00,331,person1
2017-01-01T05:32:00,332,person1
2017-01-01T05:33:00,333,person1
2017-01-01T05:34:00,334,person1
2017-01-01T05:34:00,334.5,person3
2017-01-01T05:35:00,335,person1
2017-01-01T05:35:00,335.6,person2
2017-01-01T05:36:00,336,person1
2017-01-01T05:37:00,337,person1
2017-01-01T05:37:00,337.5,person3
2017-01-01T05:38:00,338,person1
2017-01-01T05:38:00,338.5,person3
2017-01-01T05:39:00,339,person1
2017-01-01T05:40:00,340,person1
2017-01-01T05:40:00,340.6,person2
2017-01-01T05:41:00,341,person1
2017-01-01T05:42:00,342,person1
2017-01-01T05:43:00,343,person1
2017-01-01T05:44:00,344,person1
2017-01-01T05:44:00,344.5,person3
2017-01-01T05:45:00,345,person1
2017-01-01T05:45:00,345.6,person2
2017-01-01T05:46:00,346,person1
2017-01-01T05:47:00,347,person1
2017-01-01T05:48:00,348,person1
2017-01-01T05:49:00,349,person1
2017-01-01T05:49:00,349.6,person2
2017-01-01T05:50:00,350,person1
2017-01-01T05:50:00,350.5,person3
2017-01-01T05:51:00,351,person1
2017-01-01T05:52:00,352,person1
2017-01-01T05:53:00,353,person1
2017-01-01T05:53:00,353.5,person3
2017-01-01T05:54:00,354,person1
2017-01-01T05:54:00,354.6,person2
2017-01-01T05:55:00,355,person1
2017-01-01T05:56:00,356,person1
2017-01-01T05:57:00,357,person1
2017-01-01T05:58:00,358,person1
2017-01-01T05:59:00,359,person1
2017-01-01T06:00:00,360,person1
2017-01-01T06:00:00,360.5,person3
2017-01-01T06:01:00,361,person1
2017-01-01T06:02:00,362,person1
2017-01-01T06:03:00,363,person1
2017-01-01T06:03:00,363.6,person2
2017-01-01T06:04:00,364,person1
2017-01-01T06:05:00,365,person1
2017-01-01T06:05:00,365.5,person3
2017-01-01T06:06:00,366,person1
2017-01-01T06:06:00,366.5,person3
2017-01-01T06:07:00,367,person1
2017-01-01T06:08:00,368,person1
2017-01-01T06:09:00,369,person1
2017-01-01T06:09:00,369.5,person3
2017-01-01T06:10:00,370,person1
2017-01-01T06:11:00,371,person1
2017-01-01T06:12:00,372,person1
2017-01-01T06:12:00,372.5,person3
2017-01-01T06:13:00,373,person1
2017-01-01T06:14:00,374,person1
2017-01-01T06:15:00,375,person1
2017-01-01T06:16:00,376,person1
2017-01-01T06:16:00,376.5,person3
2017-01-01T06:17:00,377,person1
2017-01-01T06:18:00,378,person1
2017-01-01T06:18:00,378.5,person3
2017-01-01T06:19:00,379,person1
2017-01-01T06:20:00,380,person1
2017-01-01T06:21:00,381,person1
2017-01-01T06:21:00,381.5,person3
2017-01-01T06:22:00,382,person1
2017-01-01T06:23:00,383,person1
2017-01-01T06:24:00,384,person1
2017-01-01T06:25:00,385,person1
2017-01-01T06:26:00,386,person1
2017-01-01T06:26:00,386.5,person3
2017-01-01T06:27:00,387,person1
2017-01-01T06:28:00,388,person1
2017-01-01T06:28:00,388.5,person3
2017-01-01T06:29:00,389,person1
2017-01-01T06:30:00,390,person1
2017-01-01T06:31:00,391,person1
2017-01-01T06:31:00,391.5,person3
2017-01-01T06:32:00,392,person1
2017-01-01T06:33:00,393,person1
2017-01-01T06:33:00,393.5,person3
2017-01-01T06:34:00,394,person1
2017-01-01T06:35:00,395,person1
2017-01-01T06:36:00,396,person1
2017-01-01T06:36:00,396.5,person3
2017-01-01T06:37:00,397,person1
2017-01-01T06:37:00,397.5,person3
2017-01-01T06:38:00,398,person1
2017-01-01T06:39:00,399,person1
2017-01-01T06:40:00,400,person1
2017-01-01T06:41:00,401,person1
2017-01-01T06:41:00,401.5,person3
2017-01-01T06:42:00,402,person1
2017-01-01T06:43:00,403,person1
2017-01-01T06:44:00,404,person1
2017-01-01T06:45:00,405,person1
2017-01-01T06:45:00,405.5,person3
2017-01-01T06:46:00,406,person1
2017-01-01T06:46:00,406.5,person3
2017-01-01T06:47:00,407,person1
2017-01-01T06:47:00,407.5,person3
2017-01-01T06:48:00,408,person1
2017-01-01T06:48:00,408.5,person3
2017-01-01T06:49:00,409,person1
2017-01-01T06:49:00,409.5,person3
2017-01-01T06:50:00,410,person1
2017-01-01T06:50:00,410.6,person2
2017-01-01T06:51:00,411,person1
2017-01-01T06:52:00,412,person1
2017-01-01T06:53:00,413,person1
2017-01-01T06:54:00,414,person1
2017-01-01T06:54:00,414.6,person2
2017-01-01T06:55:00,415,person1
2017-01-01T06:56:00,416,person1
2017-01-01T06:57:00,417,person1
2017-01-01T06:57:00,417.5,person3
2017-01-01T06:58:00,418,person1
2017-01-01T06:59:00,419,person1
2017-01-01T06:59:00,419.5,person3
2017-01-01T07:00:00,420,person1
2017-01-01T07:01:00,421,person1
2017-01-01T07:01:00,421.5,person3
2017-01-01T07:02:00,422,person1
2017-01-01T07:03:00,423,person1
2017-01-01T07:04:00,424,person1
2017-01-01T07:04:00,424.5,person3
2017-01-01T07:05:00,425,person1
2017-01-01T07:06:00,426,person1
2017-01-01T07:06:00,426.5,person3
2017-01-01T07:07:00,427,person1
2017-01-01T07:07:00,427.5,person3
2017-01-01T07:08:00,428,person1
2017-01-01T07:09:00,429,person1
2017-01-01T07:10:00,430,person1
2017-01-01T07:11:00,431,person1
2017-01-01T07:11:00,431.6,person2
2017-01-01T07:12:00,432,person1
2017-01-01T07:12:00,432.5,person3
2017-01-01T07:13:00,433,person1
2017-01-01T07:14:00,434,person1
2017-01-01T07:15:00,435,person1
2017-01-01T07:16:00,436,person1
2017-01-01T07:17:00,437,person1
2017-01-01T07:18:00,438,person1
2017-01-01T07:19:00,439,person1
2017-01-01T07:20:00,440,person1
2017-01-01T07:21:00,441,person1
2017-01-01T07:22:00,442,person1
2017-01-01T07:22:00,442.5,person3
2017-01-01T07:23:00,443,person1
2017-01-01T07:24:00,444,person1
2017-01-01T07:25:00,445,person1
2017-01-01T07:25:00,445.5,person3
2017-01-01T07:26:00,446,person1
2017-01-01T07:26:00,446.5,person3
2017-01-01T07:27:00,447,person1
2017-01-01T07:28:00,448,person1
2017-01-01T07:29:00,449,person1
2017-01-01T07:29:00,449.5,person3
2017-01-01T07:30:00,450,person1
2017-01-01T07:31:00,451,person1
2017-01-01T07:32:00,452,person1
2017-01-01T07:33:00,453,person1
2017-01-01T07:34:00,454,person1
2017-01-01T07:35:00,455,person1
2017-01-01T07:35:00,455.5,person3
2017-01-01T07:36:00,456,person1
2017-01-01T07:37:00,457,person1
2017-01-01T07:37:00,457.5,person3
2017-01-01T07:38:00,458,person1
2017-01-01T07:39:00,459,person1
2017-01-01T07:40:00,460,person1
2017-01-01T07:40:00,460.5,person3
2017-01-01T07:41:00,461,person1
2017-01-01T07:42:00,462,person1
2017-01-01T07:42:00,462.5,person3
2017-01-01T07:43:00,463,person1
2017-01-01T07:43:00,463.5,person3
2017-01-01T07:44:00,464,person1
2017-01-01T07:44:00,464.5,person3
2017-01-01T07:45:00,465,person1
2017-01-01T07:46:00,466,person1
2017-01-01T07:47:00,467,person1
2017-01-01T07:48:00,468,person1
2017-01-01T07:49:00,469,person1
2017-01-01T07:49:00,469.5,person3
2017-01-01T07:50:00,470,person1
2017-01-01T07:51:00,471,person1
2017-01-01T07:52:00,472,person1
2017-01-01T07:52:00,472.5,person3
2017-01-01T07:53:00,473,person1
2017-01-01T07:54:00,474,person1
2017-01-01T07:55:00,475,person1
2017-01-01T07:55:00,475.5,person3
2017-01-01T07:56:00,476,person1
2017-01-01T07:57:00,477,person1
2017-01-01T07:57:00,477.5,person3
2017-01-01T07:58:00,478,person1
2017-01-01T07:59:00,479,person1
2017-01-01T07:59:00,479.5,person3
2017-01-01T08:00:00,480,person1
2017-01-01T08:00:00,480.6,person2
2017-01-01T08:01:00,481,person1
2017-01-01T08:02:00,482,person1
2017-01-01T08:02:00,482.5,person3
2017-01-01T08:03:00,483,person1
2017-01-01T08:04:00,484,person1
2017-01-01T08:05:00,485,person1
2017-01-01T08:06:00,486,person1
2017-01-01T08:06:00,486.5,person3
2017-01-01T08:07:00,487,person1
2017-01-01T08:08:00,488,person1
2017-01-01T08:08:00,488.5,person3
2017-01-01T08:09:00,489,person1
2017-01-01T08:10:00,490,person1
2017-01-01T08:10:00,490.6,person2
2017-01-01T08:11:00,491,person1
2017-01-01T08:12:00,492,person1
2017-01-01T08:13:00,493,person1
2017-01-01T08:14:00,494,person1
2017-01-01T08:14:00,494.6,person2
2017-01-01T08:15:00,495,person1
2017-01-01T08:15:00,495.6,person2
2017-01-01T08:16:00,496,person1
2017-01-01T08:17:00,497,person1
2017-01-01T08:17:00,497.5,person3
2017-01-01T08:18:00,498,person1
2017-01-01T08:19:00,499,person1
2017-01-01T08:19:00,499.6,person2
2017-01-01T08:20:00,500,person1
2017-01-01T08:20:00,500.5,person3
2017-01-01T08:21:00,501,person1
2017-01-01T08:22:00,502,person1
2017-01-01T08:23:00,503,person1
2017-01-01T08:24:00,504,person1
2017-01-01T08:24:00,504.5,person3
2017-01-01T08:25:00,505,person1
2017-01-01T08:25:00,505.5,person3
2017-01-01T08:26:00,506,person1
2017-01-01T08:27:00,507,person1
2017-01-01T08:28:00,508,person1
2017-01-01T08:29:00,509,person1
2017-01-01T08:30:00,510,person1
2017-01-01T08:30:00,510.6,person2
2017-01-01T08:31:00,511,person1
2017-01-01T08:31:00,511.5,person3
2017-01-01T08:32:00,512,person1
2017-01-01T08:33:00,513,person1
2017-01-01T08:33:00,513.5,person3
2017-01-01T08:34:00,514,person1
2017-01-01T08:35:00,515,person1
2017-01-01T08:35:00,515.5,person3
2017-01-01T08:36:00,516,person1
2017-01-01T08:37:00,517,person1
2017-01-01T08:37:00,517.5,person3
2017-01-01T08:38:00,518,person1
2017-01-01T08:38:00,518.5,person3
2017-01-01T08:39:00,519,person1
2017-01-01T08:39:00,519.6,person2
2017-01-01T08:40:00,520,person1
2017-01-01T08:40:00,520.5,person3
2017-01-01T08:41:00,521,person1
2017-01-01T08:42:00,522,person1
2017-01-01T08:42:00,522.5,person3
2017-01-01T08:43:00,523,person1
2017-01-01T08:43:00,523.5,person3
2017-01-01T08:44:00,524,person1
2017-01-01T08:44:00,524.5,person3
2017-01-01T08:45:00,525,person1
2017-01-01T08:45:00,525.6,person2
2017-01-01T08:46:00,526,person1
2017-01-01T08:47:00,527,person1
2017-01-01T08:47:00,527.5,person3
2017-01-01T08:48:00,528,person1
2017-01-01T08:48:00,528.6,person2
2017-01-01T08:49:00,529,person1
2017-01-01T08:50:00,530,person1
2017-01-01T08:50:00,530.5,person3
2017-01-01T08:51:00,531,person1
2017-01-01T08:51:00,531.5,person3
2017-01-01T08:52:00,532,person1
2017-01-01T08:53:00,533,person1
2017-01-01T08:53:00,533.5,person3
2017-01-01T08:54:00,534,person1
2017-01-01T08:54:00,534.5,person3
2017-01-01T08:55:00,535,person1
2017-01-01T08:55:00,535.5,person3
2017-01-01T08:56:00,536,person1
2017-01-01T08:56:00,536.6,person2
2017-01-01T08:57:00,537,person1
2017-01-01T08:57:00,537.5,person3
2017-01-01T08:58:00,538,person1
2017-01-01T08:59:00,539,person1
2017-01-01T09:00:00,540,person1
2017-01-01T09:01:00,541,person1
2017-01-01T09:02:00,542,person1
2017-01-01T09:03:00,543,person1
2017-01-01T09:04:00,544,person1
2017-01-01T09:05:00,545,person1
2017-01-01T09:05:00,545.6,person2
2017-01-01T09:06:00,546,person1
2017-01-01T09:07:00,547,person1
2017-01-01T09:08:00,548,person1
2017-01-01T09:08:00,548.6,person2
2017-01-01T09:09:00,549,person1
2017-01-01T09:10:00,550,person1
2017-01-01T09:11:00,551,person1
2017-01-01T09:12:00,552,person1
2017-01-01T09:12:00,552.5,person3
2017-01-01T09:13:00,553,person1
2017-01-01T09:13:00,553.5,person3
2017-01-01T09:14:00,554,person1
2017-01-01T09:14:00,554.6,person2
2017-01-01T09:15:00,555,person1
2017-01-01T09:15:00,555.5,person3
2017-01-01T09:16:00,556,person1
2017-01-01T09:16:00,556.5,person3
2017-01-01T09:17:00,557,person1
2017-01-01T09:18:00,558,person1
2017-01-01T09:19:00,559,person1
2017-01-01T09:20:00,560,person1
2017-01-01T09:21:00,561,person1
2017-01-01T09:22:00,562,person1
2017-01-01T09:23:00,563,person1
2017-01-01T09:23:00,563.5,person3
2017-01-01T09:24:00,564,person1
2017-01-01T09:25:00,565,person1
2017-01-01T09:25:00,565.5,person3
2017-01-01T09:26:00,566,person1
2017-01-01T09:27:00,567,person1
2017-01-01T09:27:00,567.5,person3
2017-01-01T09:28:00,568,person1
2017-01-01T09:29:00,569,person1
2017-01-01T09:30:00,570,person1
2017-01-01T09:31:00,571,person1
2017-01-01T09:32:00,572,person1
2017-01-01T09:32:00,572.5,person3
2017-01-01T09:33:00,573,person1
2017-01-01T09:34:00,574,person1
2017-01-01T09:35:00,575,person1
2017-01-01T09:35:00,575.6,person2
2017-01-01T09:36:00,576,person1
2017-01-01T09:37:00,577,person1
2017-01-01T09:38:00,578,person1
2017-01-01T09:39:00,579,person1
2017-01-01T09:40:00,580,person1
2017-01-01T09:41:00,581,person1
2017-01-01T09:41:00,581.5,person3
2017-01-01T09:42:00,582,person1
2017-01-01T09:42:00,582.5,person3
2017-01-01T09:43:00,583,person1
2017-01-01T09:44:00,584,person1
2017-01-01T09:44:00,584.5,person3
2017-01-01T09:45:00,585,person1
2017-01-01T09:45:00,585.5,person3
2017-01-01T09:46:00,586,person1
2017-01-01T09:46:00,586.5,person3
2017-01-01T09:47:00,587,person1
2017-01-01T09:47:00,587.6,person2
2017-01-01T09:48:00,588,person1
2017-01-01T09:49:00,589,person1
2017-01-01T09:50:00,590,person1
2017-01-01T09:50:00,590.5,person3
2017-01-01T09:51:00,591,person1
2017-01-01T09:51:00,591.5,person3
2017-01-01T09:52:00,592,person1
2017-01-01T09:52:00,592.6,person2
2017-01-01T09:53:00,593,person1
2017-01-01T09:54:00,594,person1
2017-01-01T09:54:00,594.6,person2
2017-01-01T09:55:00,595,person1
2017-01-01T09:55:00,595.6,person2
2017-01-01T09:56:00,596,person1
2017-01-01T09:57:00,597,person1
2017-01-01T09:57:00,597.5,person3
2017-01-01T09:58:00,598,person1
2017-01-01T09:59:00,599,person1
2017-01-01T10:00:00,600,person1
2017-01-01T10:00:00,600.6,person2
2017-01-01T10:01:00,601,person1
2017-01-01T10:01:00,601.5,person3
2017-01-01T10:02:00,602,person1
2017-01-01T10:02:00,602.5,person3
2017-01-01T10:03:00,603,person1
2017-01-01T10:03:00,603.5,person3
2017-01-01T10:04:00,604,person1
2017-01-01T10:04:00,604.5,person3
2017-01-01T10:05:00,605,person1
2017-01-01T10:06:00,606,person1
2017-01-01T10:06:00,606.5,person3
2017-01-01T10:07:00,607,person1
2017-01-01T10:07:00,607.5,person3
2017-01-01T10:08:00,608,person1
2017-01-01T10:08:00,608.5,person3
2017-01-01T10:09:00,609,person1
2017-01-01T10:10:00,610,person1
2017-01-01T10:11:00,611,person1
2017-01-01T10:12:00,612,person1
2017-01-01T10:13:00,613,person1
2017-01-01T10:13:00,613.5,person3
2017-01-01T10:14:00,614,person1
2017-01-01T10:15:00,615,person1
2017-01-01T10:16:00,616,person1
2017-01-01T10:17:00,617,person1
2017-01-01T10:18:00,618,person1
2017-01-01T10:19:00,619,person1
2017-01-01T10:20:00,620,person1
2017-01-01T10:21:00,621,person1
2017-01-01T10:22:00,622,person1
2017-01-01T10:22:00,622.5,person3
2017-01-01T10:23:00,623,person1
2017-01-01T10:24:00,624,person1
2017-01-01T10:25:00,625,person1
2017-01-01T10:26:00,626,person1
2017-01-01T10:27:00,627,person1
2017-01-01T10:28:00,628,person1
2017-01-01T10:29:00,629,person1
2017-01-01T10:30:00,630,person1
2017-01-01T10:31:00,631,person1
2017-01-01T10:32:00,632,person1
2017-01-01T10:33:00,633,person1
2017-01-01T10:34:00,634,person1
2017-01-01T10:34:00,634.5,person3
2017-01-01T10:35:00,635,person1
2017-01-01T10:36:00,636,person1
2017-01-01T10:37:00,637,person1
2017-01-01T10:37:00,637.5,person3
2017-01-01T10:38:00,638,person1
2017-01-01T10:39:00,639,person1
2017-01-01T10:39:00,639.5,person3
2017-01-01T10:40:00,640,person1
2017-01-01T10:41:00,641,person1
2017-01-01T10:42:00,642,person1
2017-01-01T10:42:00,642.6,person2
2017-01-01T10:43:00,643,person1
2017-01-01T10:44:00,644,person1
2017-01-01T10:44:00,644.6,person2
2017-01-01T10:45:00,645,person1
2017-01-01T10:46:00,646,person1
2017-01-01T10:47:00,647,person1
2017-01-01T10:48:00,648,person1
2017-01-01T10:49:00,649,person1
2017-01-01T10:50:00,650,person1
2017-01-01T10:51:00,651,person1
2017-01-01T10:52:00,652,person1
2017-01-01T10:53:00,653,person1
2017-01-01T10:54:00,654,person1
2017-01-01T10:54:00,654.5,person3
2017-01-01T10:55:00,655,person1
2017-01-01T10:56:00,656,person1
2017-01-01T10:57:00,657,person1
2017-01-01T10:57:00,657.5,person3
2017-01-01T10:58:00,658,person1
2017-01-01T10:59:00,659,person1
2017-01-01T11:00:00,660,person1
2017-01-01T11:00:00,660.5,person3
2017-01-01T11:01:00,661,person1
2017-01-01T11:02:00,662,person1
2017-01-01T11:03:00,663,person1
2017-01-01T11:04:00,664,person1
2017-01-01T11:05:00,665,person1
2017-01-01T11:06:00,666,person1
2017-01-01T11:07:00,667,person1
2017-01-01T11:07:00,667.5,person3
2017-01-01T11:08:00,668,person1
2017-01-01T11:08:00,668.5,person3
2017-01-01T11:09:00,669,person1
2017-01-01T11:10:00,670,person1
2017-01-01T11:11:00,671,person1
2017-01-01T11:11:00,671.6,person2
2017-01-01T11:12:00,672,person1
2017-01-01T11:12:00,672.5,person3
2017-01-01T11:13:00,673,person1
2017-01-01T11:13:00,673.5,person3
2017-01-01T11:14:00,674,person1
2017-01-01T11:14:00,674.5,person3
2017-01-01T11:15:00,675,person1
2017-01-01T11:15:00,675.5,person3
2017-01-01T11:16:00,676,person1
2017-01-01T11:17:00,677,person1
2017-01-01T11:17:00,677.5,person3
2017-01-01T11:18:00,678,person1
2017-01-01T11:18:00,678.5,person3
2017-01-01T11:19:00,679,person1
2017-01-01T11:20:00,680,person1
2017-01-01T11:21:00,681,person1
2017-01-01T11:22:00,682,person1
2017-01-01T11:22:00,682.5,person3
2017-01-01T11:23:00,683,person1
2017-01-01T11:24:00,684,person1
2017-01-01T11:25:00,685,person1
2017-01-01T11:26:00,686,person1
2017-01-01T11:27:00,687,person1
2017-01-01T11:28:00,688,person1
2017-01-01T11:29:00,689,person1
2017-01-01T11:30:00,690,person1
2017-01-01T11:30:00,690.5,person3
2017-01-01T11:31:00,691,person1
2017-01-01T11:32:00,692,person1
2017-01-01T11:33:00,693,person1
2017-01-01T11:34:00,694,person1
2017-01-01T11:35:00,695,person1
2017-01-01T11:36:00,696,person1
2017-01-01T11:37:00,697,person1
2017-01-01T11:37:00,697.5,person3
2017-01-01T11:38:00,698,person1
2017-01-01T11:38:00,698.5,person3
2017-01-01T11:39:00,699,person1
2017-01-01T11:40:00,700,person1
2017-01-01T11:41:00,701,person1
2017-01-01T11:42:00,702,person1
2017-01-01T11:43:00,703,person1
2017-01-01T11:43:00,703.5,person3
2017-01-01T11:44:00,704,person1
2017-01-01T11:44:00,704.5,person3
2017-01-01T11:45:00,705,person1
2017-01-01T11:46:00,706,person1
2017-01-01T11:47:00,707,person1
2017-01-01T11:48:00,708,person1
2017-01-01T11:48:00,708.6,person2
2017-01-01T11:49:00,709,person1
2017-01-01T11:50:00,710,person1
2017-01-01T11:51:00,711,person1
2017-01-01T11:51:00,711.6,person2
2017-01-01T11:52:00,712,person1
2017-01-01T11:52:00,712.5,person3
2017-01-01T11:53:00,713,person1
2017-01-01T11:54:00,714,person1
2017-01-01T11:55:00,715,person1
2017-01-01T11:56:00,716,person1
2017-01-01T11:57:00,717,person1
2017-01-01T11:58:00,718,person1
2017-01-01T11:59:00,719,person1
2017-01-01T12:00:00,720,person1
2017-01-01T12:01:00,721,person1
2017-01-01T12:02:00,722,person1
2017-01-01T12:03:00,723,person1
2017-01-01T12:04:00,724,person1
2017-01-01T12:05:00,725,person1
2017-01-01T12:06:00,726,person1
2017-01-01T12:07:00,727,person1
2017-01-01T12:07:00,727.5,person3
2017-01-01T12:08:00,728,person1
2017-01-01T12:08:00,728.5,person3
2017-01-01T12:09:00,729,person1
2017-01-01T12:10:00,730,person1
2017-01-01T12:11:00,731,person1
2017-01-01T12:11:00,731.5,person3
2017-01-01T12:12:00,732,person1
2017-01-01T12:13:00,733,person1
2017-01-01T12:13:00,733.6,person2
2017-01-01T12:14:00,734,person1
2017-01-01T12:14:00,734.6,person2
2017-01-01T12:15:00,735,person1
2017-01-01T12:16:00,736,person1
2017-01-01T12:17:00,737,person1
2017-01-01T12:18:00,738,person1
2017-01-01T12:19:00,739,person1
2017-01-01T12:20:00,740,person1
2017-01-01T12:21:00,741,person1
2017-01-01T12:22:00,742,person1
2017-01-01T12:23:00,743,person1
2017-01-01T12:24:00,744,person1
2017-01-01T12:25:00,745,person1
2017-01-01T12:26:00,746,person1
2017-01-01T12:27:00,747,person1
2017-01-01T12:28:00,748,person1
2017-01-01T12:29:00,749,person1
2017-01-01T12:29:00,749.5,person3
2017-01-01T12:30:00,750,person1
2017-01-01T12:31:00,751,person1
2017-01-01T12:32:00,752,person1
2017-01-01T12:33:00,753,person1
2017-01-01T12:34:00,754,person1
2017-01-01T12:35:00,755,person1
2017-01-01T12:36:00,756,person1
2017-01-01T12:37:00,757,person1
2017-01-01T12:38:00,758,person1
2017-01-01T12:39:00,759,person1
2017-01-01T12:39:00,759.5,person3
2017-01-01T12:40:00,760,person1
2017-01-01T12:41:00,761,person1
2017-01-01T12:41:00,761.5,person3
2017-01-01T12:42:00,762,person1
2017-01-01T12:43:00,763,person1
2017-01-01T12:43:00,763.5,person3
2017-01-01T12:44:00,764,person1
2017-01-01T12:44:00,764.5,person3
2017-01-01T12:45:00,765,person1
2017-01-01T12:45:00,765.6,person2
2017-01-01T12:46:00,766,person1
2017-01-01T12:47:00,767,person1
2017-01-01T12:47:00,767.6,person2
2017-01-01T12:48:00,768,person1
2017-01-01T12:49:00,769,person1
2017-01-01T12:50:00,770,person1
2017-01-01T12:51:00,771,person1
2017-01-01T12:52:00,772,person1
2017-01-01T12:53:00,773,person1
2017-01-01T12:54:00,774,person1
2017-01-01T12:55:00,775,person1
2017-01-01T12:55:00,775.6,person2
2017-01-01T12:56:00,776,person1
2017-01-01T12:57:00,777,person1
2017-01-01T12:57:00,777.5,person3
2017-01-01T12:58:00,778,person1
2017-01-01T12:58:00,778.5,person3
2017-01-01T12:59:00,779,person1
2017-01-01T13:00:00,780,person1
2017-01-01T13:00:00,780.6,person2
2017-01-01T13:01:00,781,person1
2017-01-01T13:02:00,782,person1
2017-01-01T13:03:00,783,person1
2017-01-01T13:04:00,784,person1
2017-01-01T13:05:00,785,person1
2017-01-01T13:06:00,786,person1
2017-01-01T13:07:00,787,person1
2017-01-01T13:07:00,787.5,person3
2017-01-01T13:08:00,788,person1
2017-01-01T13:08:00,788.5,person3
2017-01-01T13:09:00,789,person1
2017-01-01T13:10:00,790,person1
2017-01-01T13:10:00,790.6,person2
2017-01-01T13:11:00,791,person1
2017-01-01T13:12:00,792,person1
2017-01-01T13:13:00,793,person1
2017-01-01T13:14:00,794,person1
2017-01-01T13:15:00,795,person1
2017-01-01T13:15:00,795.5,person3
2017-01-01T13:16:00,796,person1
2017-01-01T13:17:00,797,person1
2017-01-01T13:17:00,797.5,person3
2017-01-01T13:18:00,798,person1
2017-01-01T13:18:00,798.5,person3
2017-01-01T13:19:00,799,person1
2017-01-01T13:20:00,800,person1
2017-01-01T13:21:00,801,person1
2017-01-01T13:21:00,801.6,person2
2017-01-01T13:22:00,802,person1
2017-01-01T13:22:00,802.5,person3
2017-01-01T13:23:00,803,person1
2017-01-01T13:24:00,804,person1
2017-01-01T13:24:00,804.5,person3
2017-01-01T13:25:00,805,person1
2017-01-01T13:26:00,806,person1
2017-01-01T13:27:00,807,person1
2017-01-01T13:27:00,807.6,person2
2017-01-01T13:28:00,808,person1
2017-01-01T13:29:00,809,person1
2017-01-01T13:30:00,810,person1
2017-01-01T13:31:00,811,person1
2017-01-01T13:32:00,812,person1
2017-01-01T13:33:00,813,person1
2017-01-01T13:34:00,814,person1
2017-01-01T13:34:00,814.6,person2
2017-01-01T13:35:00,815,person1
2017-01-01T13:35:00,815.6,person2
2017-01-01T13:36:00,816,person1
2017-01-01T13:37:00,817,person1
2017-01-01T13:37:00,817.5,person3
2017-01-01T13:38:00,818,person1
2017-01-01T13:39:00,819,person1
2017-01-01T13:40:00,820,person1
2017-01-01T13:41:00,821,person1
2017-01-01T13:42:00,822,person1
2017-01-01T13:43:00,823,person1
2017-01-01T13:44:00,824,person1
2017-01-01T13:45:00,825,person1
2017-01-01T13:46:00,826,person1
2017-01-01T13:46:00,826.5,person3
2017-01-01T13:47:00,827,person1
2017-01-01T13:48:00,828,person1
2017-01-01T13:48:00,828.5,person3
2017-01-01T13:49:00,829,person1
2017-01-01T13:50:00,830,person1
2017-01-01T13:51:00,831,person1
2017-01-01T13:51:00,831.6,person2
2017-01-01T13:52:00,832,person1
2017-01-01T13:53:00,833,person1
2017-01-01T13:53:00,833.5,person3
2017-01-01T13:54:00,834,person1
2017-01-01T13:55:00,835,person1
2017-01-01T13:56:00,836,person1
2017-01-01T13:57:00,837,person1
2017-01-01T13:57:00,837.5,person3
2017-01-01T13:58:00,838,person1
2017-01-01T13:59:00,839,person1
2017-01-01T13:59:00,839.5,person3
2017-01-01T14:00:00,840,person1
2017-01-01T14:01:00,841,person1
2017-01-01T14:01:00,841.6,person2
2017-01-01T14:02:00,842,person1
2017-01-01T14:03:00,843,person1
2017-01-01T14:04:00,844,person1
2017-01-01T14:04:00,844.6,person2
2017-01-01T14:05:00,845,person1
2017-01-01T14:06:00,846,person1
2017-01-01T14:07:00,847,person1
2017-01-01T14:07:00,847.5,person3
2017-01-01T14:08:00,848,person1
2017-01-01T14:09:00,849,person1
2017-01-01T14:10:00,850,person1
2017-01-01T14:11:00,851,person1
2017-01-01T14:12:00,852,person1
2017-01-01T14:12:00,852.5,person3
2017-01-01T14:13:00,853,person1
2017-01-01T14:13:00,853.6,person2
2017-01-01T14:14:00,854,person1
2017-01-01T14:15:00,855,person1
2017-01-01T14:15:00,855.5,person3
2017-01-01T14:16:00,856,person1
2017-01-01T14:16:00,856.6,person2
2017-01-01T14:17:00,857,person1
2017-01-01T14:17:00,857.5,person3
2017-01-01T14:18:00,858,person1
2017-01-01T14:18:00,858.5,person3
2017-01-01T14:19:00,859,person1
2017-01-01T14:20:00,860,person1
2017-01-01T14:21:00,861,person1
2017-01-01T14:21:00,861.5,person3
2017-01-01T14:22:00,862,person1
2017-01-01T14:23:00,863,person1
2017-01-01T14:23:00,863.5,person3
2017-01-01T14:24:00,864,person1
2017-01-01T14:25:00,865,person1
2017-01-01T14:26:00,866,person1
2017-01-01T14:27:00,867,person1
2017-01-01T14:28:00,868,person1
2017-01-01T14:29:00,869,person1
2017-01-01T14:29:00,869.5,person3
2017-01-01T14:30:00,870,person1
2017-01-01T14:31:00,871,person1
2017-01-01T14:31:00,871.5,person3
2017-01-01T14:32:00,872,person1
2017-01-01T14:33:00,873,person1
2017-01-01T14:33:00,873.5,person3
2017-01-01T14:34:00,874,person1
2017-01-01T14:35:00,875,person1
2017-01-01T14:35:00,875.5,person3
2017-01-01T14:36:00,876,person1
2017-01-01T14:37:00,877,person1
2017-01-01T14:38:00,878,person1
2017-01-01T14:39:00,879,person1
2017-01-01T14:40:00,880,person1
2017-01-01T14:40:00,880.6,person2
2017-01-01T14:41:00,881,person1
2017-01-01T14:42:00,882,person1
2017-01-01T14:43:00,883,person1
2017-01-01T14:44:00,884,person1
2017-01-01T14:45:00,885,person1
2017-01-01T14:45:00,885.5,person3
2017-01-01T14:46:00,886,person1
2017-01-01T14:46:00,886.5,person3
2017-01-01T14:47:00,887,person1
2017-01-01T14:48:00,888,person1
2017-01-01T14:48:00,888.5,person3
2017-01-01T14:49:00,889,person1
2017-01-01T14:50:00,890,person1
2017-01-01T14:51:00,891,person1
2017-01-01T14:52:00,892,person1
2017-01-01T14:53:00,893,person1
2017-01-01T14:54:00,894,person1
2017-01-01T14:54:00,894.5,person3
2017-01-01T14:55:00,895,person1
2017-01-01T14:56:00,896,person1
2017-01-01T14:56:00,896.5,person3
2017-01-01T14:57:00,897,person1
2017-01-01T14:58:00,898,person1
2017-01-01T14:59:00,899,person1
2017-01-01T15:00:00,900,person1
2017-01-01T15:00:00,900.6,person2
2017-01-01T15:01:00,901,person1
2017-01-01T15:02:00,902,person1
2017-01-01T15:02:00,902.5,person3
2017-01-01T15:03:00,903,person1
2017-01-01T15:04:00,904,person1
2017-01-01T15:05:00,905,person1
2017-01-01T15:05:00,905.5,person3
2017-01-01T15:06:00,906,person1
2017-01-01T15:07:00,907,person1
2017-01-01T15:08:00,908,person1
2017-01-01T15:08:00,908.5,person3
2017-01-01T15:09:00,909,person1
2017-01-01T15:10:00,910,person1
2017-01-01T15:10:00,910.5,person3
2017-01-01T15:11:00,911,person1
2017-01-01T15:11:00,911.5,person3
2017-01-01T15:12:00,912,person1
2017-01-01T15:12:00,912.6,person2
2017-01-01T15:13:00,913,person1
2017-01-01T15:13:00,913.6,person2
2017-01-01T15:14:00,914,person1
2017-01-01T15:15:00,915,person1
2017-01-01T15:16:00,916,person1
2017-01-01T15:17:00,917,person1
2017-01-01T15:18:00,918,person1
2017-01-01T15:19:00,919,person1
2017-01-01T15:20:00,920,person1
2017-01-01T15:20:00,920.6,person2
2017-01-01T15:21:00,921,person1
2017-01-01T15:22:00,922,person1
2017-01-01T15:23:00,923,person1
2017-01-01T15:24:00,924,person1
2017-01-01T15:25:00,925,person1
2017-01-01T15:26:00,926,person1
2017-01-01T15:26:00,926.6,person2
2017-01-01T15:27:00,927,person1
2017-01-01T15:27:00,927.6,person2
2017-01-01T15:28:00,928,person1
2017-01-01T15:29:00,929,person1
2017-01-01T15:29:00,929.6,person2
2017-01-01T15:30:00,930,person1
2017-01-01T15:31:00,931,person1
2017-01-01T15:32:00,932,person1
2017-01-01T15:32:00,932.6,person2
2017-01-01T15:33:00,933,person1
2017-01-01T15:34:00,934,person1
2017-01-01T15:34:00,934.5,person3
2017-01-01T15:35:00,935,person1
2017-01-01T15:35:00,935.5,person3
2017-01-01T15:36:00,936,person1
2017-01-01T15:36:00,936.6,person2
2017-01-01T15:37:00,937,person1
2017-01-01T15:37:00,937.5,person3
2017-01-01T15:38:00,938,person1
2017-01-01T15:39:00,939,person1
2017-01-01T15:40:00,940,person1
2017-01-01T15:40:00,940.6,person2
2017-01-01T15:41:00,941,person1
2017-01-01T15:41:00,941.5,person3
2017-01-01T15:42:00,942,person1
2017-01-01T15:42:00,942.6,person2
2017-01-01T15:43:00,943,person1
2017-01-01T15:44:00,944,person1
2017-01-01T15:44:00,944.5,person3
2017-01-01T15:45:00,945,person1
2017-01-01T15:45:00,945.5,person3
2017-01-01T15:46:00,946,person1
2017-01-01T15:46:00,946.6,person2
2017-01-01T15:47:00,947,person1
2017-01-01T15:48:00,948,person1
2017-01-01T15:49:00,949,person1
2017-01-01T15:50:00,950,person1
2017-01-01T15:51:00,951,person1
2017-01-01T15:52:00,952,person1
2017-01-01T15:53:00,953,person1
2017-01-01T15:53:00,953.5,person3
2017-01-01T15:54:00,954,person1
2017-01-01T15:55:00,955,person1
2017-01-01T15:55:00,955.6,person2
2017-01-01T15:56:00,956,person1
2017-01-01T15:56:00,956.6,person2
2017-01-01T15:57:00,957,person1
2017-01-01T15:58:00,958,person1
2017-01-01T15:59:00,959,person1
2017-01-01T16:00:00,960,person1
2017-01-01T16:00:00,960.6,person2
2017-01-01T16:01:00,961,person1
2017-01-01T16:02:00,962,person1
2017-01-01T16:02:00,962.5,person3
2017-01-01T16:03:00,963,person1
2017-01-01T16:04:00,964,person1
2017-01-01T16:05:00,965,person1
2017-01-01T16:06:00,966,person1
2017-01-01T16:07:00,967,person1
2017-01-01T16:08:00,968,person1
2017-01-01T16:09:00,969,person1
2017-01-01T16:10:00,970,person1
2017-01-01T16:11:00,971,person1
2017-01-01T16:12:00,972,person1
2017-01-01T16:13:00,973,person1
2017-01-01T16:14:00,974,person1
2017-01-01T16:15:00,975,person1
2017-01-01T16:15:00,975.5,person3
2017-01-01T16:16:00,976,person1
2017-01-01T16:17:00,977,person1
2017-01-01T16:17:00,977.5,person3
2017-01-01T16:18:00,978,person1
2017-01-01T16:19:00,979,person1
2017-01-01T16:20:00,980,person1
2017-01-01T16:20:00,980.5,person3
2017-01-01T16:21:00,981,person1
2017-01-01T16:22:00,982,person1
2017-01-01T16:23:00,983,person1
2017-01-01T16:24:00,984,person1
2017-01-01T16:25:00,985,person1
2017-01-01T16:26:00,986,person1
2017-01-01T16:26:00,986.6,person2
2017-01-01T16:27:00,987,person1
2017-01-01T16:28:00,988,person1
2017-01-01T16:29:00,989,person1
2017-01-01T16:30:00,990,person1
2017-01-01T16:30:00,990.5,person3
2017-01-01T16:31:00,991,person1
2017-01-01T16:32:00,992,person1
2017-01-01T16:32:00,992.5,person3
2017-01-01T16:33:00,993,person1
2017-01-01T16:33:00,993.5,person3
2017-01-01T16:34:00,994,person1
2017-01-01T16:35:00,995,person1
2017-01-01T16:35:00,995.5,person3
2017-01-01T16:36:00,996,person1
2017-01-01T16:37:00,997,person1
2017-01-01T16:38:00,998,person1
2017-01-01T16:39:00,999,person1
2017-01-01T16:39:00,999.5,person3
2017-01-01T16:40:00,1000,person1
2017-01-01T16:41:00,1001,person1
2017-01-01T16:42:00,1002,person1
2017-01-01T16:42:00,1002.5,person3
2017-01-01T16:43:00,1003,person1
2017-01-01T16:43:00,1003.5,person3
2017-01-01T16:44:00,1004,person1
2017-01-01T16:45:00,1005,person1
2017-01-01T16:45:00,1005.5,person3
2017-01-01T16:46:00,1006,person1
2017-01-01T16:47:00,1007,person1
2017-01-01T16:48:00,1008,person1
2017-01-01T16:48:00,1008.5,person3
2017-01-01T16:49:00,1009,person1
2017-01-01T16:49:00,1009.6,person2
2017-01-01T16:50:00,1010,person1
2017-01-01T16:51:00,1011,person1
2017-01-01T16:51:00,1011.6,person2
2017-01-01T16:52:00,1012,person1
2017-01-01T16:53:00,1013,person1
2017-01-01T16:54:00,1014,person1
2017-01-01T16:54:00,1014.6,person2
2017-01-01T16:55:00,1015,person1
2017-01-01T16:55:00,1015.5,person3
2017-01-01T16:56:00,1016,person1
2017-01-01T16:56:00,1016.5,person3
2017-01-01T16:57:00,1017,person1
2017-01-01T16:58:00,1018,person1
2017-01-01T16:59:00,1019,person1
2017-01-01T17:00:00,1020,person1
2017-01-01T17:01:00,1021,person1
2017-01-01T17:02:00,1022,person1
2017-01-01T17:03:00,1023,person1
2017-01-01T17:04:00,1024,person1
2017-01-01T17:04:00,1024.5,person3
2017-01-01T17:05:00,1025,person1
2017-01-01T17:06:00,1026,person1
2017-01-01T17:06:00,1026.5,person3
2017-01-01T17:07:00,1027,person1
2017-01-01T17:08:00,1028,person1
2017-01-01T17:08:00,1028.6,person2
2017-01-01T17:09:00,1029,person1
2017-01-01T17:10:00,1030,person1
2017-01-01T17:11:00,1031,person1
2017-01-01T17:11:00,1031.6,person2
2017-01-01T17:12:00,1032,person1
2017-01-01T17:13:00,1033,person1
2017-01-01T17:14:00,1034,person1
2017-01-01T17:15:00,1035,person1
2017-01-01T17:16:00,1036,person1
2017-01-01T17:17:00,1037,person1
2017-01-01T17:17:00,1037.6,person2
2017-01-01T17:18:00,1038,person1
2017-01-01T17:18:00,1038.5,person3
2017-01-01T17:19:00,1039,person1
2017-01-01T17:20:00,1040,person1
2017-01-01T17:21:00,1041,person1
2017-01-01T17:22:00,1042,person1
2017-01-01T17:23:00,1043,person1
2017-01-01T17:23:00,1043.5,person3
2017-01-01T17:24:00,1044,person1
2017-01-01T17:25:00,1045,person1
2017-01-01T17:25:00,1045.6,person2
2017-01-01T17:26:00,1046,person1
2017-01-01T17:27:00,1047,person1
2017-01-01T17:28:00,1048,person1
2017-01-01T17:29:00,1049,person1
2017-01-01T17:30:00,1050,person1
2017-01-01T17:31:00,1051,person1
2017-01-01T17:32:00,1052,person1
2017-01-01T17:33:00,1053,person1
2017-01-01T17:33:00,1053.5,person3
2017-01-01T17:34:00,1054,person1
2017-01-01T17:35:00,1055,person1
2017-01-01T17:36:00,1056,person1
2017-01-01T17:37:00,1057,person1
2017-01-01T17:38:00,1058,person1
2017-01-01T17:39:00,1059,person1
2017-01-01T17:39:00,1059.5,person3
2017-01-01T17:40:00,1060,person1
2017-01-01T17:41:00,1061,person1
2017-01-01T17:42:00,1062,person1
2017-01-01T17:43:00,1063,person1
2017-01-01T17:43:00,1063.5,person3
2017-01-01T17:44:00,1064,person1
2017-01-01T17:45:00,1065,person1
2017-01-01T17:45:00,1065.5,person3
2017-01-01T17:46:00,1066,person1
2017-01-01T17:47:00,1067,person1
2017-01-01T17:48:00,1068,person1
2017-01-01T17:49:00,1069,person1
2017-01-01T17:50:00,1070,person1
2017-01-01T17:51:00,1071,person1
2017-01-01T17:52:00,1072,person1
2017-01-01T17:53:00,1073,person1
2017-01-01T17:54:00,1074,person1
2017-01-01T17:55:00,1075,person1
2017-01-01T17:55:00,1075.5,person3
2017-01-01T17:56:00,1076,person1
2017-01-01T17:57:00,1077,person1
2017-01-01T17:58:00,1078,person1
2017-01-01T17:58:00,1078.5,person3
2017-01-01T17:59:00,1079,person1
2017-01-01T17:59:00,1079.5,person3
2017-01-01T18:00:00,1080,person1
2017-01-01T18:01:00,1081,person1
2017-01-01T18:02:00,1082,person1
2017-01-01T18:03:00,1083,person1
2017-01-01T18:04:00,1084,person1
2017-01-01T18:04:00,1084.6,person2
2017-01-01T18:05:00,1085,person1
2017-01-01T18:05:00,1085.5,person3
2017-01-01T18:06:00,1086,person1
2017-01-01T18:07:00,1087,person1
2017-01-01T18:08:00,1088,person1
2017-01-01T18:09:00,1089,person1
2017-01-01T18:09:00,1089.5,person3
2017-01-01T18:10:00,1090,person1
2017-01-01T18:10:00,1090.5,person3
2017-01-01T18:11:00,1091,person1
2017-01-01T18:12:00,1092,person1
2017-01-01T18:12:00,1092.5,person3
2017-01-01T18:13:00,1093,person1
2017-01-01T18:13:00,1093.5,person3
2017-01-01T18:14:00,1094,person1
2017-01-01T18:15:00,1095,person1
2017-01-01T18:15:00,1095.5,person3
2017-01-01T18:16:00,1096,person1
2017-01-01T18:17:00,1097,person1
2017-01-01T18:17:00,1097.5,person3
2017-01-01T18:18:00,1098,person1
2017-01-01T18:19:00,1099,person1
2017-01-01T18:20:00,1100,person1
2017-01-01T18:21:00,1101,person1
2017-01-01T18:22:00,1102,person1
2017-01-01T18:23:00,1103,person1
2017-01-01T18:23:00,1103.6,person2
2017-01-01T18:24:00,1104,person1
2017-01-01T18:25:00,1105,person1
2017-01-01T18:26:00,1106,person1
2017-01-01T18:26:00,1106.5,person3
2017-01-01T18:27:00,1107,person1
2017-01-01T18:27:00,1107.5,person3
2017-01-01T18:28:00,1108,person1
2017-01-01T18:28:00,1108.5,person3
2017-01-01T18:29:00,1109,person1
2017-01-01T18:29:00,1109.6,person2
2017-01-01T18:30:00,1110,person1
2017-01-01T18:31:00,1111,person1
2017-01-01T18:31:00,1111.5,person3
2017-01-01T18:32:00,1112,person1
2017-01-01T18:33:00,1113,person1
2017-01-01T18:33:00,1113.5,person3
2017-01-01T18:34:00,1114,person1
2017-01-01T18:35:00,1115,person1
2017-01-01T18:35:00,1115.6,person2
2017-01-01T18:36:00,1116,person1
2017-01-01T18:37:00,1117,person1
2017-01-01T18:37:00,1117.5,person3
2017-01-01T18:38:00,1118,person1
2017-01-01T18:39:00,1119,person1
2017-01-01T18:39:00,1119.5,person3
2017-01-01T18:40:00,1120,person1
2017-01-01T18:41:00,1121,person1
2017-01-01T18:42:00,1122,person1
2017-01-01T18:43:00,1123,person1
2017-01-01T18:44:00,1124,person1
2017-01-01T18:45:00,1125,person1
2017-01-01T18:46:00,1126,person1
2017-01-01T18:47:00,1127,person1
2017-01-01T18:48:00,1128,person1
2017-01-01T18:49:00,1129,person1
2017-01-01T18:49:00,1129.5,person3
2017-01-01T18:50:00,1130,person1
2017-01-01T18:50:00,1130.5,person3
2017-01-01T18:51:00,1131,person1
2017-01-01T18:51:00,1131.5,person3
2017-01-01T18:52:00,1132,person1
2017-01-01T18:53:00,1133,person1
2017-01-01T18:54:00,1134,person1
2017-01-01T18:54:00,1134.6,person2
2017-01-01T18:55:00,1135,person1
2017-01-01T18:56:00,1136,person1
2017-01-01T18:57:00,1137,person1
2017-01-01T18:57:00,1137.6,person2
2017-01-01T18:58:00,1138,person1
2017-01-01T18:58:00,1138.6,person2
2017-01-01T18:59:00,1139,person1
2017-01-01T18:59:00,1139.5,person3
2017-01-01T19:00:00,1140,person1
2017-01-01T19:01:00,1141,person1
2017-01-01T19:01:00,1141.5,person3
2017-01-01T19:02:00,1142,person1
2017-01-01T19:02:00,1142.6,person2
2017-01-01T19:03:00,1143,person1
2017-01-01T19:03:00,1143.6,person2
2017-01-01T19:04:00,1144,person1
2017-01-01T19:05:00,1145,person1
2017-01-01T19:05:00,1145.5,person3
2017-01-01T19:06:00,1146,person1
2017-01-01T19:06:00,1146.5,person3
2017-01-01T19:07:00,1147,person1
2017-01-01T19:07:00,1147.6,person2
2017-01-01T19:08:00,1148,person1
2017-01-01T19:09:00,1149,person1
2017-01-01T19:10:00,1150,person1
2017-01-01T19:11:00,1151,person1
2017-01-01T19:11:00,1151.5,person3
2017-01-01T19:12:00,1152,person1
2017-01-01T19:13:00,1153,person1
2017-01-01T19:14:00,1154,person1
2017-01-01T19:14:00,1154.6,person2
2017-01-01T19:15:00,1155,person1
2017-01-01T19:15:00,1155.5,person3
2017-01-01T19:16:00,1156,person1
2017-01-01T19:17:00,1157,person1
2017-01-01T19:17:00,1157.5,person3
2017-01-01T19:18:00,1158,person1
2017-01-01T19:19:00,1159,person1
2017-01-01T19:19:00,1159.5,person3
2017-01-01T19:20:00,1160,person1
2017-01-01T19:20:00,1160.5,person3
2017-01-01T19:21:00,1161,person1
2017-01-01T19:21:00,1161.5,person3
2017-01-01T19:22:00,1162,person1
2017-01-01T19:23:00,1163,person1
2017-01-01T19:24:00,1164,person1
2017-01-01T19:24:00,1164.5,person3
2017-01-01T19:25:00,1165,person1
2017-01-01T19:26:00,1166,person1
2017-01-01T19:27:00,1167,person1
2017-01-01T19:28:00,1168,person1
2017-01-01T19:28:00,1168.5,person3
2017-01-01T19:29:00,1169,person1
2017-01-01T19:30:00,1170,person1
2017-01-01T19:30:00,1170.6,person2
2017-01-01T19:31:00,1171,person1
2017-01-01T19:31:00,1171.5,person3
2017-01-01T19:32:00,1172,person1
2017-01-01T19:32:00,1172.6,person2
2017-01-01T19:33:00,1173,person1
2017-01-01T19:34:00,1174,person1
2017-01-01T19:35:00,1175,person1
2017-01-01T19:35:00,1175.6,person2
2017-01-01T19:36:00,1176,person1
2017-01-01T19:36:00,1176.5,person3
2017-01-01T19:37:00,1177,person1
2017-01-01T19:38:00,1178,person1
2017-01-01T19:38:00,1178.5,person3
2017-01-01T19:39:00,1179,person1
2017-01-01T19:39:00,1179.5,person3
2017-01-01T19:40:00,1180,person1
2017-01-01T19:40:00,1180.5,person3
2017-01-01T19:41:00,1181,person1
2017-01-01T19:41:00,1181.5,person3
2017-01-01T19:42:00,1182,person1
2017-01-01T19:43:00,1183,person1
2017-01-01T19:44:00,1184,person1
2017-01-01T19:44:00,1184.5,person3
2017-01-01T19:45:00,1185,person1
2017-01-01T19:46:00,1186,person1
2017-01-01T19:46:00,1186.5,person3
2017-01-01T19:47:00,1187,person1
2017-01-01T19:47:00,1187.5,person3
2017-01-01T19:48:00,1188,person1
2017-01-01T19:48:00,1188.5,person3
2017-01-01T19:49:00,1189,person1
2017-01-01T19:50:00,1190,person1
2017-01-01T19:51:00,1191,person1
2017-01-01T19:52:00,1192,person1
2017-01-01T19:52:00,1192.5,person3
2017-01-01T19:53:00,1193,person1
2017-01-01T19:53:00,1193.6,person2
2017-01-01T19:54:00,1194,person1
2017-01-01T19:54:00,1194.5,person3
2017-01-01T19:55:00,1195,person1
2017-01-01T19:56:00,1196,person1
2017-01-01T19:57:00,1197,person1
2017-01-01T19:58:00,1198,person1
2017-01-01T19:59:00,1199,person1
2017-01-01T19:59:00,1199.5,person3
2017-01-01T20:00:00,1200,person1
2017-01-01T20:01:00,1201,person1
2017-01-01T20:01:00,1201.5,person3
2017-01-01T20:02:00,1202,person1
2017-01-01T20:03:00,1203,person1
2017-01-01T20:04:00,1204,person1
2017-01-01T20:05:00,1205,person1
2017-01-01T20:06:00,1206,person1
2017-01-01T20:07:00,1207,person1
2017-01-01T20:07:00,1207.5,person3
2017-01-01T20:08:00,1208,person1
2017-01-01T20:08:00,1208.5,person3
2017-01-01T20:09:00,1209,person1
2017-01-01T20:09:00,1209.5,person3
2017-01-01T20:10:00,1210,person1
2017-01-01T20:10:00,1210.5,person3
2017-01-01T20:11:00,1211,person1
2017-01-01T20:11:00,1211.6,person2
2017-01-01T20:12:00,1212,person1
2017-01-01T20:13:00,1213,person1
2017-01-01T20:14:00,1214,person1
2017-01-01T20:14:00,1214.5,person3
2017-01-01T20:15:00,1215,person1
2017-01-01T20:16:00,1216,person1
2017-01-01T20:16:00,1216.5,person3
2017-01-01T20:17:00,1217,person1
2017-01-01T20:17:00,1217.5,person3
2017-01-01T20:18:00,1218,person1
2017-01-01T20:19:00,1219,person1
2017-01-01T20:19:00,1219.6,person2
2017-01-01T20:20:00,1220,person1
2017-01-01T20:21:00,1221,person1
2017-01-01T20:21:00,1221.5,person3
2017-01-01T20:22:00,1222,person1
2017-01-01T20:23:00,1223,person1
2017-01-01T20:23:00,1223.5,person3
2017-01-01T20:24:00,1224,person1
2017-01-01T20:25:00,1225,person1
2017-01-01T20:25:00,1225.6,person2
2017-01-01T20:26:00,1226,person1
2017-01-01T20:27:00,1227,person1
2017-01-01T20:27:00,1227.6,person2
2017-01-01T20:28:00,1228,person1
2017-01-01T20:29:00,1229,person1
2017-01-01T20:30:00,1230,person1
2017-01-01T20:30:00,1230.5,person3
2017-01-01T20:31:00,1231,person1
2017-01-01T20:32:00,1232,person1
2017-01-01T20:32:00,1232.5,person3
2017-01-01T20:33:00,1233,person1
2017-01-01T20:34:00,1234,person1
2017-01-01T20:35:00,1235,person1
2017-01-01T20:36:00,1236,person1
2017-01-01T20:37:00,1237,person1
2017-01-01T20:38:00,1238,person1
2017-01-01T20:39:00,1239,person1
2017-01-01T20:40:00,1240,person1
2017-01-01T20:40:00,1240.5,person3
2017-01-01T20:41:00,1241,person1
2017-01-01T20:41:00,1241.5,person3
2017-01-01T20:42:00,1242,person1
2017-01-01T20:42:00,1242.5,person3
2017-01-01T20:43:00,1243,person1
2017-01-01T20:44:00,1244,person1
2017-01-01T20:45:00,1245,person1
2017-01-01T20:45:00,1245.5,person3
2017-01-01T20:46:00,1246,person1
2017-01-01T20:46:00,1246.5,person3
2017-01-01T20:47:00,1247,person1
2017-01-01T20:47:00,1247.5,person3
2017-01-01T20:48:00,1248,person1
2017-01-01T20:49:00,1249,person1
2017-01-01T20:50:00,1250,person1
2017-01-01T20:50:00,1250.6,person2
2017-01-01T20:51:00,1251,person1
2017-01-01T20:51:00,1251.6,person2
2017-01-01T20:52:00,1252,person1
2017-01-01T20:53:00,1253,person1
2017-01-01T20:54:00,1254,person1
2017-01-01T20:55:00,1255,person1
2017-01-01T20:56:00,1256,person1
2017-01-01T20:56:00,1256.6,person2
2017-01-01T20:57:00,1257,person1
2017-01-01T20:58:00,1258,person1
2017-01-01T20:58:00,1258.5,person3
2017-01-01T20:59:00,1259,person1
2017-01-01T21:00:00,1260,person1
2017-01-01T21:01:00,1261,person1
2017-01-01T21:01:00,1261.5,person3
2017-01-01T21:02:00,1262,person1
2017-01-01T21:02:00,1262.5,person3
2017-01-01T21:03:00,1263,person1
2017-01-01T21:04:00,1264,person1
2017-01-01T21:05:00,1265,person1
2017-01-01T21:05:00,1265.6,person2
2017-01-01T21:06:00,1266,person1
2017-01-01T21:06:00,1266.5,person3
2017-01-01T21:07:00,1267,person1
2017-01-01T21:08:00,1268,person1
2017-01-01T21:09:00,1269,person1
2017-01-01T21:10:00,1270,person1
2017-01-01T21:10:00,1270.6,person2
2017-01-01T21:11:00,1271,person1
2017-01-01T21:11:00,1271.5,person3
2017-01-01T21:12:00,1272,person1
2017-01-01T21:13:00,1273,person1
2017-01-01T21:14:00,1274,person1
2017-01-01T21:15:00,1275,person1
2017-01-01T21:16:00,1276,person1
2017-01-01T21:17:00,1277,person1
2017-01-01T21:17:00,1277.5,person3
2017-01-01T21:18:00,1278,person1
2017-01-01T21:19:00,1279,person1
2017-01-01T21:19:00,1279.5,person3
2017-01-01T21:20:00,1280,person1
2017-01-01T21:21:00,1281,person1
2017-01-01T21:22:00,1282,person1
2017-01-01T21:23:00,1283,person1
2017-01-01T21:24:00,1284,person1
2017-01-01T21:24:00,1284.5,person3
2017-01-01T21:25:00,1285,person1
2017-01-01T21:25:00,1285.6,person2
2017-01-01T21:26:00,1286,person1
2017-01-01T21:26:00,1286.5,person3
2017-01-01T21:27:00,1287,person1
2017-01-01T21:28:00,1288,person1
2017-01-01T21:28:00,1288.5,person3
2017-01-01T21:29:00,1289,person1
2017-01-01T21:30:00,1290,person1
2017-01-01T21:31:00,1291,person1
2017-01-01T21:31:00,1291.5,person3
2017-01-01T21:32:00,1292,person1
2017-01-01T21:33:00,1293,person1
2017-01-01T21:34:00,1294,person1
2017-01-01T21:35:00,1295,person1
2017-01-01T21:36:00,1296,person1
2017-01-01T21:37:00,1297,person1
2017-01-01T21:37:00,1297.5,person3
2017-01-01T21:38:00,1298,person1
2017-01-01T21:38:00,1298.6,person2
2017-01-01T21:39:00,1299,person1
2017-01-01T21:40:00,1300,person1
2017-01-01T21:41:00,1301,person1
2017-01-01T21:42:00,1302,person1
2017-01-01T21:43:00,1303,person1
2017-01-01T21:44:00,1304,person1
2017-01-01T21:44:00,1304.5,person3
2017-01-01T21:45:00,1305,person1
2017-01-01T21:46:00,1306,person1
2017-01-01T21:47:00,1307,person1
2017-01-01T21:47:00,1307.6,person2
2017-01-01T21:48:00,1308,person1
2017-01-01T21:49:00,1309,person1
2017-01-01T21:50:00,1310,person1
2017-01-01T21:50:00,1310.6,person2
2017-01-01T21:51:00,1311,person1
2017-01-01T21:52:00,1312,person1
2017-01-01T21:53:00,1313,person1
2017-01-01T21:54:00,1314,person1
2017-01-01T21:55:00,1315,person1
2017-01-01T21:56:00,1316,person1
2017-01-01T21:57:00,1317,person1
2017-01-01T21:58:00,1318,person1
2017-01-01T21:59:00,1319,person1
2017-01-01T22:00:00,1320,person1
2017-01-01T22:01:00,1321,person1
2017-01-01T22:02:00,1322,person1
2017-01-01T22:02:00,1322.6,person2
2017-01-01T22:03:00,1323,person1
2017-01-01T22:04:00,1324,person1
2017-01-01T22:05:00,1325,person1
2017-01-01T22:05:00,1325.5,person3
2017-01-01T22:06:00,1326,person1
2017-01-01T22:06:00,1326.5,person3
2017-01-01T22:07:00,1327,person1
2017-01-01T22:08:00,1328,person1
2017-01-01T22:08:00,1328.6,person2
2017-01-01T22:09:00,1329,person1
2017-01-01T22:09:00,1329.5,person3
2017-01-01T22:10:00,1330,person1
2017-01-01T22:11:00,1331,person1
2017-01-01T22:11:00,1331.5,person3
2017-01-01T22:12:00,1332,person1
2017-01-01T22:13:00,1333,person1
2017-01-01T22:14:00,1334,person1
2017-01-01T22:14:00,1334.5,person3
2017-01-01T22:15:00,1335,person1
2017-01-01T22:15:00,1335.5,person3
2017-01-01T22:16:00,1336,person1
2017-01-01T22:17:00,1337,person1
2017-01-01T22:17:00,1337.5,person3
2017-01-01T22:18:00,1338,person1
2017-01-01T22:19:00,1339,person1
2017-01-01T22:20:00,1340,person1
2017-01-01T22:21:00,1341,person1
2017-01-01T22:22:00,1342,person1
2017-01-01T22:23:00,1343,person1
2017-01-01T22:24:00,1344,person1
2017-01-01T22:25:00,1345,person1
2017-01-01T22:25:00,1345.6,person2
2017-01-01T22:26:00,1346,person1
2017-01-01T22:26:00,1346.5,person3
2017-01-01T22:27:00,1347,person1
2017-01-01T22:28:00,1348,person1
2017-01-01T22:28:00,1348.6,person2
2017-01-01T22:29:00,1349,person1
2017-01-01T22:30:00,1350,person1
2017-01-01T22:30:00,1350.6,person2
2017-01-01T22:31:00,1351,person1
2017-01-01T22:31:00,1351.6,person2
2017-01-01T22:32:00,1352,person1
2017-01-01T22:33:00,1353,person1
2017-01-01T22:34:00,1354,person1
2017-01-01T22:35:00,1355,person1
2017-01-01T22:36:00,1356,person1
2017-01-01T22:36:00,1356.5,person3
2017-01-01T22:37:00,1357,person1
2017-01-01T22:38:00,1358,person1
2017-01-01T22:39:00,1359,person1
2017-01-01T22:39:00,1359.5,person3
2017-01-01T22:40:00,1360,person1
2017-01-01T22:41:00,1361,person1
2017-01-01T22:42:00,1362,person1
2017-01-01T22:42:00,1362.5,person3
2017-01-01T22:43:00,1363,person1
2017-01-01T22:44:00,1364,person1
2017-01-01T22:45:00,1365,person1
2017-01-01T22:45:00,1365.5,person3
2017-01-01T22:46:00,1366,person1
2017-01-01T22:47:00,1367,person1
2017-01-01T22:47:00,1367.6,person2
2017-01-01T22:48:00,1368,person1
2017-01-01T22:48:00,1368.5,person3
2017-01-01T22:49:00,1369,person1
2017-01-01T22:50:00,1370,person1
2017-01-01T22:50:00,1370.5,person3
2017-01-01T22:51:00,1371,person1
2017-01-01T22:52:00,1372,person1
2017-01-01T22:53:00,1373,person1
2017-01-01T22:54:00,1374,person1
2017-01-01T22:55:00,1375,person1
2017-01-01T22:55:00,1375.5,person3
2017-01-01T22:56:00,1376,person1
2017-01-01T22:56:00,1376.5,person3
2017-01-01T22:57:00,1377,person1
2017-01-01T22:58:00,1378,person1
2017-01-01T22:58:00,1378.5,person3
2017-01-01T22:59:00,1379,person1
2017-01-01T22:59:00,1379.6,person2
2017-01-01T23:00:00,1380,person1
2017-01-01T23:00:00,1380.5,person3
2017-01-01T23:01:00,1381,person1
2017-01-01T23:02:00,1382,person1
2017-01-01T23:02:00,1382.5,person3
2017-01-01T23:03:00,1383,person1
2017-01-01T23:04:00,1384,person1
2017-01-01T23:04:00,1384.5,person3
2017-01-01T23:05:00,1385,person1
2017-01-01T23:06:00,1386,person1
2017-01-01T23:07:00,1387,person1
2017-01-01T23:08:00,1388,person1
2017-01-01T23:09:00,1389,person1
2017-01-01T23:10:00,1390,person1
2017-01-01T23:11:00,1391,person1
2017-01-01T23:12:00,1392,person1
2017-01-01T23:13:00,1393,person1
2017-01-01T23:14:00,1394,person1
2017-01-01T23:15:00,1395,person1
2017-01-01T23:15:00,1395.6,person2
2017-01-01T23:16:00,1396,person1
2017-01-01T23:17:00,1397,person1
2017-01-01T23:17:00,1397.5,person3
2017-01-01T23:18:00,1398,person1
2017-01-01T23:19:00,1399,person1
2017-01-01T23:20:00,1400,person1
2017-01-01T23:20:00,1400.6,person2
2017-01-01T23:21:00,1401,person1
2017-01-01T23:21:00,1401.5,person3
2017-01-01T23:22:00,1402,person1
2017-01-01T23:22:00,1402.5,person3
2017-01-01T23:23:00,1403,person1
2017-01-01T23:24:00,1404,person1
2017-01-01T23:25:00,1405,person1
2017-01-01T23:25:00,1405.6,person2
2017-01-01T23:26:00,1406,person1
2017-01-01T23:26:00,1406.5,person3
2017-01-01T23:27:00,1407,person1
2017-01-01T23:28:00,1408,person1
2017-01-01T23:29:00,1409,person1
2017-01-01T23:30:00,1410,person1
2017-01-01T23:30:00,1410.5,person3
2017-01-01T23:31:00,1411,person1
2017-01-01T23:32:00,1412,person1
2017-01-01T23:33:00,1413,person1
2017-01-01T23:34:00,1414,person1
2017-01-01T23:35:00,1415,person1
2017-01-01T23:35:00,1415.6,person2
2017-01-01T23:36:00,1416,person1
2017-01-01T23:37:00,1417,person1
2017-01-01T23:38:00,1418,person1
2017-01-01T23:39:00,1419,person1
2017-01-01T23:39:00,1419.5,person3
2017-01-01T23:40:00,1420,person1
2017-01-01T23:40:00,1420.5,person3
2017-01-01T23:41:00,1421,person1
2017-01-01T23:41:00,1421.5,person3
2017-01-01T23:42:00,1422,person1
2017-01-01T23:43:00,1423,person1
2017-01-01T23:44:00,1424,person1
2017-01-01T23:44:00,1424.5,person3
2017-01-01T23:45:00,1425,person1
2017-01-01T23:46:00,1426,person1
2017-01-01T23:46:00,1426.6,person2
2017-01-01T23:47:00,1427,person1
2017-01-01T23:47:00,1427.5,person3
2017-01-01T23:48:00,1428,person1
2017-01-01T23:49:00,1429,person1
2017-01-01T23:50:00,1430,person1
2017-01-01T23:51:00,1431,person1
2017-01-01T23:51:00,1431.5,person3
2017-01-01T23:52:00,1432,person1
2017-01-01T23:52:00,1432.5,person3
2017-01-01T23:53:00,1433,person1
2017-01-01T23:53:00,1433.6,person2
2017-01-01T23:54:00,1434,person1
2017-01-01T23:54:00,1434.5,person3
2017-01-01T23:55:00,1435,person1
2017-01-01T23:56:00,1436,person1
2017-01-01T23:57:00,1437,person1
2017-01-01T23:58:00,1438,person1
2017-01-01T23:59:00,1439,person1
